{
  "info": {
    "name": "Plant Disease Detection Demo",
    "_postman_id": "12345678-aaaa-bbbb-cccc-1234567890ab",
    "description": "Pre-review API tests",
    "schema": "https://schema.getpostman.com/json/collection/v2.1.0/collection.json"
  },
  "item": [
    {
      "name": "Health",
      "request": {
        "method": "GET",
        "header": [],
        "url": {
          "raw": "http://localhost:8000/health",
          "protocol": "http",
          "host": [
            "localhost"
          ],
          "port": "8000",
          "path": [
            "health"
          ]
        }
      }
    },
    {
      "name": "Predict",
      "request": {
        "method": "POST",
        "header": [],
        "body": {
          "mode": "formdata",
          "formdata": [
            {
              "key": "file",
              "type": "file",
              "src": ""
            }
          ]
        },
        "url": {
          "raw": "http://localhost:8000/predict",
          "protocol": "http",
          "host": [
            "localhost"
          ],
          "port": "8000",
          "path": [
            "predict"
          ]
        }
      }
    },
    {
      "name": "Disease Info",
      "request": {
        "method": "GET",
        "header": [],
        "url": {
          "raw": "http://localhost:8000/disease/Healthy",
          "protocol": "http",
          "host": [
            "localhost"
          ],
          "port": "8000",
          "path": [
            "disease",
            "Healthy"
          ]
        }
      }
    }
  ]
}